GeneID,GeneName,Log2FC
ENSG00000263513,FAM72C,3.608950982
ENSG00000271601,LIX1L,3.45537163
ENSG00000117360,PRPF3,3.074374994
ENSG00000143384,MCL1,2.913046213
ENSG00000163131,CTSS,2.727246209
ENSG00000143387,CTSK,2.716834807
ENSG00000143375,CGN,2.704438887
ENSG00000163220,S100A9,2.69013669
ENSG00000162733,DDR2,2.600359191
ENSG00000094975,SUCO,2.490042474
ENSG00000143322,ABL2,2.474061186
ENSG00000169905,TOR1AIP2,2.471628866
ENSG00000116260,QSOX1,2.443241637
ENSG00000177888,ZBTB41,2.409405012
ENSG00000143847,PPFIA4,2.358858033
ENSG00000133065,SLC41A1,2.341222343
ENSG00000180667,YOD1,2.323569293
ENSG00000181450,ZNF678,2.250976068
ENSG00000154429,CCSAP,2.243750417
ENSG00000116918,TSNAX,2.235440534
ENSG00000178462,TUBAL3,2.190958477
ENSG00000107897,ACBD5,2.170610605
ENSG00000165322,ARHGAP12,2.159697269
ENSG00000151151,IPMK,2.138335441
ENSG00000122884,P4HA1,2.132376473
ENSG00000196968,FUT11,2.104051685
ENSG00000156671,SAMD8,2.074391443
ENSG00000107864,CPEB3,2.051210339
ENSG00000213341,CHUK,2.027877889
ENSG00000148835,TAF5,2.02269344
ENSG00000119950,MXI1,2.022521595
ENSG00000138166,DUSP5,2.017220502
ENSG00000148737,TCF7L2,2.009506004
ENSG00000151553,FAM160B1,2.007442848
ENSG00000151893,CACUL1,1.968011443
ENSG00000119965,C10orf88,1.96612534
ENSG00000176171,BNIP3,1.957204229
ENSG00000148926,ADM,1.949334793
ENSG00000133805,AMPD3,1.940572648
ENSG00000148943,LIN7C,1.930745846
ENSG00000026508,CD44,1.879000052
ENSG00000149177,PTPRJ,1.85933088
ENSG00000068971,PPP2R5B,1.845435757
ENSG00000175592,FOSL1,1.844374879
ENSG00000054967,RELT,1.836031405
ENSG00000178301,AQP11,1.834975558
ENSG00000174804,FZD4,1.783676288
ENSG00000110218,PANX1,1.779913317
ENSG00000160588,MPZL3,1.759623361
ENSG00000154127,UBASH3B,1.751964674
ENSG00000111674,ENO2,1.736096017
ENSG00000059804,SLC2A3,1.712523815
ENSG00000089818,NECAP1,1.706134736
ENSG00000110852,CLEC2B,1.699837919
ENSG00000013588,GPRC5A,1.690991304
ENSG00000139163,ETNK1,1.668801541
ENSG00000029153,ARNTL2,1.659392221
ENSG00000175548,ALG10B,1.633361506
ENSG00000151233,GXYLT1,1.632969649
ENSG00000161638,ITGA5,1.620313753
ENSG00000076108,BAZ2A,1.616858163
ENSG00000183735,TBK1,1.6158221
ENSG00000149948,HMGA2,1.609875254
ENSG00000135678,CPM,1.609531534
ENSG00000153233,PTPRR,1.603660717
ENSG00000180263,FGD6,1.603159663
ENSG00000120868,APAF1,1.594872756
ENSG00000166598,HSP90B1,1.586622684
ENSG00000111727,HCFC2,1.583692834
ENSG00000182782,HCAR2,1.56613118
ENSG00000255398,HCAR3,1.564382719
ENSG00000139697,SBNO1,1.557497147
ENSG00000180776,ZDHHC20,1.554881154
ENSG00000132964,CDK8,1.553207616
ENSG00000152484,USP12,1.548987609
ENSG00000139508,SLC46A3,1.54628996
ENSG00000132952,USPL1,1.537395817
ENSG00000102531,FNDC3A,1.536227186
ENSG00000139793,MBNL2,1.511834894
ENSG00000184497,TMEM255B,1.505647961
ENSG00000129484,PARP2,1.502287536
ENSG00000214274,ANG,1.501668633
ENSG00000092140,G2E3,1.499416563
ENSG00000100852,ARHGAP5,1.493414076
ENSG00000129521,EGLN3,1.490592771
ENSG00000165355,FBXO33,1.48982405
ENSG00000179454,KLHL28,1.481928908
ENSG00000126775,ATG14,1.479844864
ENSG00000100592,DAAM1,1.466284884
ENSG00000023608,SNAPC1,1.462227966
ENSG00000066427,ATXN3,1.461143692
ENSG00000100697,DICER1,1.459618814
ENSG00000080824,HSP90AA1,1.458573293
ENSG00000103978,TMEM87A,1.457566078
ENSG00000138593,SECISBP2L,1.456861221
ENSG00000069956,MAPK6,1.455564766
ENSG00000263155,MYZAP,1.452226158
ENSG00000137845,ADAM10,1.450568244
ENSG00000103642,LACTB,1.44830501
ENSG00000166128,RAB8B,1.446651396
ENSG00000169032,MAP2K1,1.443772203
ENSG00000103599,IQCH,1.439508257
ENSG00000138623,SEMA7A,1.439333479
ENSG00000140465,CYP1A1,1.438631151
ENSG00000169752,NRG4,1.434540287
ENSG00000185033,SEMA4B,1.434385572
ENSG00000140450,ARRDC4,1.433777033
ENSG00000127578,WFIKKN1,1.422759377
ENSG00000059145,UNKL,1.420546867
ENSG00000170540,ARL6IP1,1.419238409
ENSG00000103540,CCP110,1.410296873
ENSG00000132207,SLX1A,1.40781548
ENSG00000052344,PRSS8,1.403522251
ENSG00000185947,ZNF267,1.398074734
ENSG00000171241,SHCBP1,1.382943637
ENSG00000125148,MT2A,1.377585945
ENSG00000169715,MT1E,1.374688357
ENSG00000187193,MT1X,1.371270625
ENSG00000183018,SPNS2,1.371038974
ENSG00000129226,CD68,1.369446353
ENSG00000108256,NUFIP2,1.365013094
ENSG00000141298,SSH2,1.363962803
ENSG00000185862,EVI2B,1.362737297
ENSG00000273706,LHX1,1.360431155
ENSG00000171346,KRT15,1.358461724
ENSG00000178502,KLHL11,1.355895356
ENSG00000108799,EZH1,1.354835165
ENSG00000182963,GJC1,1.352535678
ENSG00000141279,NPEPPS,1.350814669
ENSG00000108443,RPS6KB1,1.343805701
ENSG00000070495,JMJD6,1.343798192
ENSG00000197063,MAFG,1.340538477
ENSG00000141562,NARF,1.333703166
ENSG00000141580,WDR45B,1.328354439
ENSG00000101654,RNMT,1.326384584
ENSG00000101782,RIOK3,1.32541236
ENSG00000078142,PIK3C3,1.322938317
ENSG00000141655,TNFRSF11A,1.321007297
ENSG00000141664,ZCCHC2,1.318079408
ENSG00000105556,MIER2,1.318026271
ENSG00000116017,ARID3A,1.315359023
ENSG00000105325,FZR1,1.311954643
ENSG00000125657,TNFSF9,1.30492878
ENSG00000174788,PCP2,1.303885433
ENSG00000167772,ANGPTL4,1.297776008
ENSG00000196110,ZNF699,1.297751771
ENSG00000129355,CDKN2D,1.297028452
ENSG00000196646,ZNF136,1.295082718
ENSG00000130517,PGPEP1,1.295052056
ENSG00000130513,GDF15,1.291142454
ENSG00000118620,ZNF430,1.288203081
ENSG00000160352,ZNF714,1.287817317
ENSG00000131941,RHPN2,1.286228015
ENSG00000196967,ZNF585A,1.285774057
ENSG00000182472,CAPN12,1.283222753
ENSG00000079385,CEACAM1,1.282144571
ENSG00000011422,PLAUR,1.277690758
ENSG00000278318,ZNF229,1.272436886
ENSG00000151694,ADAM17,1.271065093
ENSG00000152133,GPATCH11,1.270907011
ENSG00000138061,CYP1B1,1.269305675
ENSG00000138081,FBXO11,1.264061168
ENSG00000143952,VPS54,1.260228238
ENSG00000198380,GFPT1,1.258521225
ENSG00000124380,SNRNP27,1.256169418
ENSG00000059728,MXD1,1.256097915
ENSG00000159399,HK2,1.252640199
ENSG00000115525,ST3GAL5,1.252314468
ENSG00000115548,KDM3A,1.250602441
ENSG00000239305,RNF103,1.249808532
ENSG00000153561,RMND5A,1.24877482
ENSG00000204634,TBC1D8,1.244157527
ENSG00000115602,IL1RL1,1.24373527
ENSG00000125629,INSIG2,1.242243504
ENSG00000144228,SPOPL,1.240458794
ENSG00000169554,ZEB2,1.238453486
ENSG00000123610,TNFAIP6,1.234706629
ENSG00000116095,PLEKHA3,1.234552505
ENSG00000115419,GLS,1.234175752
ENSG00000115520,COQ10B,1.233445246
ENSG00000178074,C2orf69,1.233157111
ENSG00000155744,FAM126B,1.230409613
ENSG00000135913,USP37,1.230005267
ENSG00000135919,SERPINE2,1.224518897
ENSG00000130684,ZNF337,1.222656432
ENSG00000124116,WFDC3,1.219519709
ENSG00000124151,NCOA3,1.218669426
ENSG00000155304,HSPA13,1.216424194
ENSG00000154639,CXADR,1.215402348
ENSG00000198743,SLC5A3,1.213281282
ENSG00000159216,RUNX1,1.212915167
ENSG00000159256,MORC3,1.211077103
ENSG00000185658,BRWD1,1.211048397
ENSG00000099942,CRKL,1.210572601
ENSG00000169635,HIC2,1.209701273
ENSG00000183963,SMTN,1.209500737
ENSG00000100242,SUN2,1.209029968
ENSG00000131389,SLC6A6,1.208997311
ENSG00000144674,GOLGA4,1.208896651
ENSG00000163814,CDCP1,1.2081968
ENSG00000249992,TMEM158,1.208058366
ENSG00000114268,PFKFB4,1.206248504
ENSG00000114383,TUSC2,1.204406675
ENSG00000144749,LRIG1,1.202569974
ENSG00000163602,RYBP,1.202158319
ENSG00000175105,ZNF654,1.201884847
ENSG00000114573,ATP6V1A,1.201718777
ENSG00000121578,B4GALT4,1.201424863
ENSG00000163428,LRRC58,1.200101986
ENSG00000114023,FAM162A,1.197824782
ENSG00000173706,HEG1,1.197031024
ENSG00000114120,SLC25A36,1.19130693
ENSG00000152952,PLOD2,1.187218001
ENSG00000163659,TIPARP,1.186322571
ENSG00000163577,EIF5A2,1.186145351
ENSG00000075420,FNDC3B,1.186023021
ENSG00000058063,ATP11B,1.184458644
ENSG00000163898,LIPH,1.184189972
ENSG00000196083,IL1RAP,1.182432674
ENSG00000133657,ATP13A3,1.182271714
ENSG00000072274,TFRC,1.181655437
ENSG00000119231,SENP5,1.180579679
ENSG00000168214,RBPJ,1.179624762
ENSG00000109189,USP46,1.178229095
ENSG00000124882,EREG,1.177762705
ENSG00000163297,ANTXR2,1.177198845
ENSG00000138641,HERC3,1.176816281
ENSG00000138640,FAM13A,1.176689107
ENSG00000163110,PDLIM5,1.17472286
ENSG00000109323,MANBA,1.171991201
ENSG00000145390,USP53,1.171660251
ENSG00000164066,INTU,1.169786433
ENSG00000151012,SLC7A11,1.165237481
ENSG00000164142,FAM160A1,1.164871242
ENSG00000052795,FNIP2,1.164774215
ENSG00000109511,ANXA10,1.163902684
ENSG00000186352,ANKRD37,1.163406866
ENSG00000145623,OSMR,1.162326204
ENSG00000164327,RICTOR,1.159453814
ENSG00000164171,ITGA2,1.158905552
ENSG00000134352,IL6ST,1.158407573
ENSG00000153006,SREK1IP1,1.158328628
ENSG00000113595,TRIM23,1.158286964
ENSG00000172062,SMN1,1.15783618
ENSG00000145685,LHFPL2,1.157673638
ENSG00000164180,TMEM161B,1.157486899
ENSG00000113369,ARRDC3,1.156908334
ENSG00000175471,MCTP1,1.156721394
ENSG00000172795,DCP2,1.155890204
ENSG00000113083,LOX,1.155525293
ENSG00000217128,FNIP1,1.152486145
ENSG00000072364,AFF4,1.150754841
ENSG00000113583,C5orf15,1.147890753
ENSG00000113615,SEC24A,1.144816277
ENSG00000145833,DDX46,1.139029613
ENSG00000113658,SMAD5,1.138417282
ENSG00000186314,PRELID2,1.137475027
ENSG00000155508,CNOT8,1.136247041
ENSG00000214357,NEURL1B,1.135942282
ENSG00000164463,CREBRF,1.134905489
ENSG00000113739,STC2,1.133764293
ENSG00000127022,CANX,1.133025471
ENSG00000219607,PPP1R3G,1.13147318
ENSG00000124532,MRS2,1.129460177
ENSG00000124657,OR2B6,1.1293064
ENSG00000204520,MICA,1.129085098
ENSG00000204516,MICB,1.129043799
ENSG00000112511,PHF1,1.128262387
ENSG00000124762,CDKN1A,1.128067619
ENSG00000001084,GCLC,1.127772268
ENSG00000112697,TMEM30A,1.126944871
ENSG00000112742,TTK,1.125706185
ENSG00000146242,TPBG,1.124851432
ENSG00000188994,ZNF292,1.124094173
ENSG00000135535,CD164,1.122464491
ENSG00000111897,SERINC1,1.122096224
ENSG00000172594,SMPDL3A,1.121576059
ENSG00000197442,MAP3K5,1.121370689
ENSG00000155918,RAET1L,1.117416431
ENSG00000164849,GPR146,1.114369526
ENSG00000146587,RBAK,1.113438967
ENSG00000106392,C1GALT1,1.111928943
ENSG00000105855,ITGB8,1.109305317
ENSG00000105866,SP4,1.108790646
ENSG00000106086,PLEKHA8,1.10846647
ENSG00000173852,DPY19L1,1.103276826
ENSG00000164542,KIAA0895,1.102189235
ENSG00000010270,STARD3NL,1.099829083
ENSG00000122641,INHBA,1.098336578
ENSG00000146678,IGFBP1,1.097514286
ENSG00000146674,IGFBP3,1.095506448
ENSG00000234444,ZNF736,1.094656363
ENSG00000197008,ZNF138,1.093768829
ENSG00000198039,ZNF273,1.087536011
ENSG00000146757,ZNF92,1.085419876
ENSG00000075303,SLC25A40,1.085179023
ENSG00000106366,SERPINE1,1.081909477
ENSG00000105835,NAMPT,1.080513594
ENSG00000135241,PNPLA8,1.080332017
ENSG00000128590,DNAJB9,1.079791285
ENSG00000105976,MET,1.078366239
ENSG00000135245,HILPDA,1.076423156
ENSG00000157764,BRAF,1.076354337
ENSG00000155189,AGPAT5,1.0752747
ENSG00000154359,LONRF1,1.072372916
ENSG00000197217,ENTPD4,1.071520653
ENSG00000159167,STC1,1.070936451
ENSG00000147437,GNRH1,1.069443002
ENSG00000156675,RAB11FIP1,1.06839706
ENSG00000077782,FGFR1,1.068165159
ENSG00000168615,ADAM9,1.06766255
ENSG00000198363,ASPH,1.066594414
ENSG00000076641,PAG1,1.066124537
ENSG00000186106,ANKRD46,1.06315515
ENSG00000155097,ATP6V1C1,1.063017002
ENSG00000164830,OXR1,1.062879089
ENSG00000104419,NDRG1,1.062467864
ENSG00000123908,AGO2,1.061733893
ENSG00000147852,VLDLR,1.061575138
ENSG00000106993,CDC37L1,1.06038419
ENSG00000147872,PLIN2,1.059595009
ENSG00000137145,DENND4C,1.059444307
ENSG00000177076,ACER2,1.059319926
ENSG00000164970,FAM219A,1.058247998
ENSG00000107159,CA9,1.058037099
ENSG00000137075,RNF38,1.057383006
ENSG00000168795,ZBTB5,1.054634185
ENSG00000135047,CTSL,1.05330002
ENSG00000187742,SECISBP2,1.052483844
ENSG00000127080,IPPK,1.05112307
ENSG00000130958,SLC35D2,1.048388063
ENSG00000059769,DNAJC25,1.047999874
ENSG00000165185,KIAA1958,1.044113037
ENSG00000148158,SNX30,1.044044729
ENSG00000169155,ZBTB43,1.043294119
ENSG00000177125,ZBTB34,1.037214439
ENSG00000288455,SEMA7A,1.036073661
ENSG00000283085,TPBG,1.035087703
ENSG00000283777,CANX,1.034487778
ENSG00000284980,AGPAT5,1.034448678
ENSG00000285360,LONRF1,1.032795337
ENSG00000281766,RYBP,1.03134002
ENSG00000282107,TMEM255B,1.029679016
ENSG00000274577,LHX1,1.029602079
ENSG00000278780,ZNF430,1.029529654
ENSG00000275349,SMN1,1.029108215
ENSG00000231179,MICB,1.028039661
ENSG00000233051,MICA,1.026126433
ENSG00000234218,MICB,1.025991868
ENSG00000224378,MICB,1.02392793
ENSG00000235233,MICA,1.022295709
ENSG00000231372,MICB,1.021637183
ENSG00000238289,MICB,1.021171059
ENSG00000183214,MICA,1.020518089
ENSG00000206449,MICB,1.020333992
ENSG00000239756,PHF1,1.019071361
ENSG00000231225,MICA,1.017059123
ENSG00000227772,MICB,1.014566783
ENSG00000225553,PHF1,1.011819687
ENSG00000282230,ADAM9,1.010080533
ENSG00000130150,MOSPD2,1.009569615
ENSG00000102098,SCML2,1.007719721
ENSG00000102172,SMS,1.007697227
ENSG00000067992,PDK3,1.007413821
ENSG00000156313,RPGR,1.007024057
ENSG00000186871,ERCC6L,1.006809706
ENSG00000204116,CHIC1,1.00634245
ENSG00000005893,LAMP2,1.006264976
ENSG00000156531,PHF6,1.005926289
ENSG00000198689,SLC9A6,1.005836409
ENSG00000130821,SLC6A8,1.004838836
ENSG00000198753,PLXNB3,1.003421292
ENSG00000175984,DENND2C,1.001646961
ENSG00000081019,RSBN1,1.001510695
ENSG00000121957,GPSM2,1.000059092
ENSG00000156869,FRRS1,0.998538
ENSG00000117525,F3,0.997813113
ENSG00000143033,MTF2,0.997362235
ENSG00000162642,C1orf52,0.996514293
ENSG00000065243,PKN2,0.99593701
ENSG00000162433,AK4,0.995644388
ENSG00000163877,SNIP1,0.994141046
ENSG00000188786,MTF1,0.993347839
ENSG00000174574,AKIRIN1,0.993256783
ENSG00000168389,MFSD2A,0.992458656
ENSG00000117000,RLF,0.9921463
ENSG00000174827,PDZK1,-1.584886569
ENSG00000143436,MRPL9,-1.588483976
ENSG00000143549,TPM3,-1.590403184
ENSG00000143147,GPR161,-1.591146202
ENSG00000152092,ASTN1,-1.591902496
ENSG00000133067,LGR6,-1.592328953
ENSG00000174502,SLC26A9,-1.59387782
ENSG00000276600,RAB7B,-1.596722965
ENSG00000117335,CD46,-1.597235168
ENSG00000168243,GNG4,-1.597917955
ENSG00000264230,ANXA8L1,-1.598796736
ENSG00000204174,NPY4R,-1.598894585
ENSG00000204175,GPRIN2,-1.603318977
ENSG00000265190,ANXA8,-1.618301554
ENSG00000108187,PBLD,-1.618560077
ENSG00000165730,STOX1,-1.622163477
ENSG00000107736,CDH23,-1.622877312
ENSG00000122367,LDB3,-1.623534525
ENSG00000148671,ADIRF,-1.624114553
ENSG00000107796,ACTA2,-1.624368172
ENSG00000107821,KAZALD1,-1.626117327
ENSG00000065618,COL17A1,-1.62811235
ENSG00000169129,AFAP1L2,-1.628988877
ENSG00000166033,HTRA1,-1.629359156
ENSG00000107902,LHPP,-1.632025075
ENSG00000117983,MUC5B,-1.632085048
ENSG00000183801,OLFML1,-1.635438218
ENSG00000006611,USH1C,-1.636206689
ENSG00000188162,OTOG,-1.636511979
ENSG00000135373,EHF,-1.638922369
ENSG00000149084,HSD17B12,-1.643770112
ENSG00000110446,SLC15A3,-1.648419709
ENSG00000162144,CYB561A3,-1.650106835
ENSG00000134824,FADS2,-1.653499908
ENSG00000149781,FERMT3,-1.65539549
ENSG00000179292,TMEM151A,-1.656573277
ENSG00000173599,PC,-1.656670344
ENSG00000171631,P2RY6,-1.662072536
ENSG00000021300,PLEKHB1,-1.663377698
ENSG00000137491,SLCO2B1,-1.663433522
ENSG00000158555,GDPD5,-1.663850556
ENSG00000137757,CASP5,-1.66870844
ENSG00000150782,IL18,-1.672554681
ENSG00000172367,PDZD3,-1.675721954
ENSG00000137699,TRIM29,-1.681038737
ENSG00000047617,ANO2,-1.682891019
ENSG00000111348,ARHGDIB,-1.683855789
ENSG00000185432,METTL7A,-1.684278334
ENSG00000184271,POU6F1,-1.684319509
ENSG00000167767,KRT80,-1.68520993
ENSG00000135480,KRT7,-1.686106988
ENSG00000166866,MYO1A,-1.689917824
ENSG00000111087,GLI1,-1.692255813
ENSG00000139344,AMDHD1,-1.694436215
ENSG00000110921,MVK,-1.698737645
ENSG00000139438,FAM222A,-1.699549151
ENSG00000111335,OAS2,-1.700232993
ENSG00000139405,RITA1,-1.701082085
ENSG00000151176,PLBD2,-1.705075964
ENSG00000135094,SDS,-1.705692648
ENSG00000139410,SDSL,-1.706336214
ENSG00000135114,OASL,-1.706929835
ENSG00000132938,MTUS2,-1.711879934
ENSG00000232070,TMEM253,-1.712708497
ENSG00000155465,SLC7A7,-1.71275846
ENSG00000092295,TGM1,-1.725898644
ENSG00000168952,STXBP6,-1.730468579
ENSG00000267909,CCDC177,-1.733305289
ENSG00000063761,ADCK1,-1.738594648
ENSG00000165949,IFI27,-1.738965995
ENSG00000205436,EXOC3L4,-1.742227628
ENSG00000176753,C15orf56,-1.743164572
ENSG00000062524,LTK,-1.757472401
ENSG00000166963,MAP1A,-1.76115287
ENSG00000237289,CKMT1B,-1.76197671
ENSG00000138606,SHF,-1.762509759
ENSG00000137876,RSL24D1,-1.762712332
ENSG00000074621,SLC24A1,-1.764363019
ENSG00000140459,CYP11A1,-1.765593022
ENSG00000103740,ACSBG1,-1.766819487
ENSG00000136378,ADAMTS7,-1.76968076
ENSG00000058335,RASGRF1,-1.771001946
ENSG00000172345,STARD5,-1.773732485
ENSG00000103227,LMF1,-1.776562927
ENSG00000189067,LITAF,-1.779226045
ENSG00000091262,ABCC6,-1.785182544
ENSG00000188322,SBK1,-1.785360495
ENSG00000176046,NUPR1,-1.787227956
ENSG00000181625,SLX1B,-1.790881001
ENSG00000261052,SULT1A3,-1.797399042
ENSG00000102893,PHKB,-1.798122912
ENSG00000087258,GNAO1,-1.798235056
ENSG00000102891,MT4,-1.798650959
ENSG00000070915,SLC12A3,-1.802912135
ENSG00000140848,CPNE2,-1.807269593
ENSG00000070729,CNGB1,-1.807639474
ENSG00000179776,CDH5,-1.809610769
ENSG00000166589,CDH16,-1.810439847
ENSG00000159714,ZDHHC1,-1.81229464
ENSG00000159792,PSKH1,-1.812328639
ENSG00000140876,NUDT7,-1.813032159
ENSG00000186153,WWOX,-1.81416806
ENSG00000154099,DNAAF1,-1.818133686
ENSG00000103175,WFDC1,-1.81885114
ENSG00000103187,COTL1,-1.820298276
ENSG00000167711,SERPINF2,-1.821550177
ENSG00000083454,P2RX5,-1.821815519
ENSG00000108405,P2RX1,-1.825882795
ENSG00000182853,VMO1,-1.830489299
ENSG00000174327,SLC16A13,-1.8309378
ENSG00000161955,TNFSF13,-1.832472251
ENSG00000141510,TP53,-1.837996903
ENSG00000065325,GLP2R,-1.838205026
ENSG00000007237,GAS7,-1.839815851
ENSG00000108602,ALDH3A1,-1.841351732
ENSG00000260458,KCNJ18,-1.843566983
ENSG00000109084,TMEM97,-1.844712341
ENSG00000109101,FOXN1,-1.846750543
ENSG00000271503,CCL5,-1.857943525
ENSG00000073605,GSDMB,-1.861365795
ENSG00000141753,IGFBP4,-1.863896878
ENSG00000131746,TNS4,-1.868781186
ENSG00000131737,KRT34,-1.87487113
ENSG00000204815,TTC25,-1.876617899
ENSG00000005102,MEOX1,-1.878171758
ENSG00000167080,B4GALNT2,-1.87955309
ENSG00000173868,PHOSPHO1,-1.88121564
ENSG00000064195,DLX3,-1.889722946
ENSG00000183034,OTOP2,-1.89424187
ENSG00000141576,RNF157,-1.896142248
ENSG00000129667,RHBDF2,-1.901741226
ENSG00000161544,CYGB,-1.904400893
ENSG00000070731,ST6GALNAC2,-1.905295711
ENSG00000171246,NPTX1,-1.907120396
ENSG00000141639,MAPK4,-1.907900965
ENSG00000161082,CELF5,-1.909623603
ENSG00000179855,GIPC3,-1.910425731
ENSG00000181143,MUC16,-1.914383589
ENSG00000129354,AP1M2,-1.914756278
ENSG00000161860,SYCE2,-1.916232771
ENSG00000187867,PALM3,-1.922630966
ENSG00000089356,FXYD3,-1.924093179
ENSG00000105695,MAG,-1.927078671
ENSG00000188505,NCCRP1,-1.927889376
ENSG00000007306,CEACAM7,-1.941296883
ENSG00000105409,ATP1A3,-1.941825953
ENSG00000188368,PRR19,-1.949028646
ENSG00000243137,PSG4,-1.950400267
ENSG00000187244,BCAM,-1.950682709
ENSG00000197405,C5AR1,-1.952974635
ENSG00000088002,SULT2B1,-1.954784416
ENSG00000087086,FTL,-1.961652423
ENSG00000196337,CGB7,-1.989071319
ENSG00000010361,FUZ,-1.997905895
ENSG00000161671,EMC10,-2.000949656
ENSG00000167608,TMC4,-2.000975123
ENSG00000179954,SSC5D,-2.002805161
ENSG00000115738,ID2,-2.004797217
ENSG00000143882,ATP6V1C2,-2.005138323
ENSG00000132031,MATN3,-2.008415766
ENSG00000115155,OTOF,-2.012955881
ENSG00000138073,PREB,-2.016221869
ENSG00000138074,SLC5A6,-2.01744252
ENSG00000170577,SIX2,-2.021949649
ENSG00000115380,EFEMP1,-2.031155325
ENSG00000115902,SLC1A4,-2.03260938
ENSG00000116039,ATP6V1B1,-2.038077933
ENSG00000115318,LOXL3,-2.04038487
ENSG00000168874,ATOH8,-2.043293357
ENSG00000172005,MAL,-2.044686664
ENSG00000144152,FBLN7,-2.046916548
ENSG00000138378,STAT4,-2.051002824
ENSG00000082146,STRADB,-2.054350945
ENSG00000018280,SLC11A1,-2.059181828
ENSG00000115556,PLCD4,-2.064483415
ENSG00000124006,OBSL1,-2.088945574
ENSG00000163295,ALPI,-2.089555591
ENSG00000124839,RAB17,-2.097155487
ENSG00000162804,SNED1,-2.104300435
ENSG00000182584,ACTL10,-2.10440485
ENSG00000125966,MMP24,-2.105283008
ENSG00000124249,KCNK15,-2.10624051
ENSG00000100985,MMP9,-2.109905887
ENSG00000160200,CBS,-2.115370862
ENSG00000185838,GNB1L,-2.117434417
ENSG00000128266,GNAZ,-2.11827124
ENSG00000100028,SNRPD3,-2.128078078
ENSG00000100350,FOXRED2,-2.136707465
ENSG00000133466,C1QTNF6,-2.138528869
ENSG00000128283,CDC42EP1,-2.144617913
ENSG00000198792,TMEM184B,-2.146585053
ENSG00000198951,NAGA,-2.150707272
ENSG00000100304,TTLL12,-2.159965986
ENSG00000188263,IL17REL,-2.162692478
ENSG00000008735,MAPK8IP2,-2.164971358
ENSG00000196220,SRGAP3,-2.168582017
ENSG00000168016,TRANK1,-2.169531959
ENSG00000114812,VIPR1,-2.172243849
ENSG00000181585,TMIE,-2.185995408
ENSG00000160801,PTH1R,-2.18934919
ENSG00000067560,RHOA,-2.204117521
ENSG00000163666,HESX1,-2.208149969
ENSG00000173175,ADCY5,-2.211319947
ENSG00000180767,CHST13,-2.215446413
ENSG00000158186,MRAS,-2.218103298
ENSG00000197415,VEPH1,-2.226195734
ENSG00000118849,RARRES1,-2.229469731
ENSG00000073849,ST6GAL1,-2.236796202
ENSG00000175920,DOK7,-2.244415202
ENSG00000137440,FGFBP1,-2.249149593
ENSG00000250317,SMIM20,-2.249745908
ENSG00000163739,CXCL1,-2.256671545
ENSG00000081041,CXCL2,-2.268382549
ENSG00000155016,CYP2U1,-2.270308094
ENSG00000234602,MCIDAS,-2.279675736
ENSG00000185261,KIAA0825,-2.282441319
ENSG00000129595,EPB41L4A,-2.284040276
ENSG00000170482,SLC23A1,-2.290465004
ENSG00000156475,PPP2R2B,-2.297937073
ENSG00000113721,PDGFRB,-2.309803701
ENSG00000171992,SYNPO,-2.31337294
ENSG00000113732,ATP6V0E1,-2.324873244
ENSG00000113763,UNC5A,-2.327119341
ENSG00000078401,EDN1,-2.349145437
ENSG00000213886,UBD,-2.359140541
ENSG00000204389,HSPA1A,-2.366530791
ENSG00000244731,C4A,-2.377356283
ENSG00000204310,AGPAT1,-2.3883983
ENSG00000124493,GRM4,-2.390249025
ENSG00000172738,TMEM217,-2.398083951
ENSG00000188112,C6orf132,-2.401953507
ENSG00000181577,C6orf223,-2.407209595
ENSG00000203972,GLYATL3,-2.419317533
ENSG00000198478,SH3BGRL2,-2.425027538
ENSG00000118507,AKAP7,-2.43284904
ENSG00000171408,PDE7B,-2.445010476
ENSG00000106003,LFNG,-2.446563978
ENSG00000157927,RADIL,-2.44873488
ENSG00000106541,AGR2,-2.451008462
ENSG00000136244,IL6,-2.452174385
ENSG00000146592,CREB5,-2.459493795
ENSG00000179869,ABCA13,-2.464584086
ENSG00000009950,MLXIPL,-2.468435381
ENSG00000243566,UPK3B,-2.47568186
ENSG00000127954,STEAP4,-2.486315639
ENSG00000004864,SLC25A13,-2.490487843
ENSG00000176125,UFSP1,-2.50322663
ENSG00000160963,COL26A1,-2.507076226
ENSG00000081803,CADPS2,-2.507528327
ENSG00000128510,CPA4,-2.508352797
ENSG00000188883,KLRG2,-2.510246455
ENSG00000090263,MRPS33,-2.514603357
ENSG00000197448,GSTK1,-2.53849423
ENSG00000275074,NUDT18,-2.542333015
ENSG00000168481,LGI3,-2.584915901
ENSG00000176209,SMIM19,-2.587343982
ENSG00000120217,CD274,-2.595573151
ENSG00000204291,COL15A1,-2.603217317
ENSG00000136810,TXN,-2.608362099
ENSG00000148204,CRB2,-2.613765018
ENSG00000136859,ANGPTL2,-2.616762286
ENSG00000136840,ST6GALNAC4,-2.626853442
ENSG00000169583,CLIC3,-2.656397757
ENSG00000233198,RNF224,-2.710603597
ENSG00000188747,NOXA1,-2.727443055
ENSG00000130653,PNPLA7,-2.728222158
ENSG00000288318,PALM3,-2.747288546
ENSG00000280549,PADI3,-2.752043567
ENSG00000285348,TGM1,-2.768632987
ENSG00000275214,IFI27,-2.78615904
ENSG00000275331,ABCC6,-2.790137679
ENSG00000276838,SERPINF2,-2.790347954
ENSG00000262045,KRT34,-2.795398242
ENSG00000274233,CCL5,-2.806444249
ENSG00000282110,MAPK4,-2.814448947
ENSG00000283060,ID3,-2.819109066
ENSG00000277789,TMC4,-2.828790478
ENSG00000274384,TMC4,-2.837442358
ENSG00000280501,CEACAM7,-2.838810168
ENSG00000273722,TMC4,-2.847919992
ENSG00000276429,PLCH2,-2.878873574
ENSG00000282972,GNG4,-2.897111895
ENSG00000226898,UBD,-2.942583302
ENSG00000235941,HSPA1A,-2.955700126
ENSG00000236873,AGPAT1,-2.9737846
ENSG00000228913,UBD,-2.978085908
ENSG00000237724,HSPA1A,-2.997976733
ENSG00000226467,AGPAT1,-3.000549087
ENSG00000231968,UBD,-3.005936969
ENSG00000234475,HSPA1A,-3.026954648
ENSG00000244207,C4A,-3.180998361
ENSG00000224654,UBD,-3.189556473
ENSG00000227642,AGPAT1,-3.201185838
ENSG00000206468,UBD,-3.249356566
ENSG00000227746,C4A,-3.261674808
ENSG00000235758,AGPAT1,-3.272177203
ENSG00000206513,UBD,-3.312320569
ENSG00000215328,HSPA1A,-3.339231727
ENSG00000206340,C4A,-3.424290822
ENSG00000206324,AGPAT1,-3.468020179
ENSG00000228892,AGPAT1,-3.502871908
ENSG00000276184,UPK3B,-3.548723075
ENSG00000288362,CYP11A1,-3.553870329
ENSG00000169100,SLC25A6,-3.584751193
ENSG00000130234,ACE2,-3.695386118
ENSG00000102104,RS1,-3.716393573
ENSG00000184194,GPR173,-3.819421089
ENSG00000196338,NLGN3,-3.874350168
ENSG00000182489,XKRX,-3.904078274
ENSG00000125356,NDUFA1,-3.993730105
ENSG00000170965,PLAC1,-4.074018519
ENSG00000101986,ABCD1,-4.132222293
ENSG00000198910,L1CAM,-4.279168419
ENSG00000126895,AVPR2,-4.281898591
ENSG00000126903,SLC10A3,-4.308446069
ENSG00000213366,GSTM2,-4.415532687
ENSG00000134184,GSTM1,-4.429432891
ENSG00000197106,SLC6A17,-4.491193112
ENSG00000143126,CELSR2,-4.574344947
ENSG00000137965,IFI44,-4.709560529
ENSG00000116761,CTH,-4.857996999
ENSG00000132854,KANK4,-5.165219458
ENSG00000079739,PGM1,-5.444031574
ENSG00000169174,PCSK9,-6.157035989
ENSG00000162390,ACOT11,-6.241436224
